ticker,buffett_score,alpha_adj,conviction,verdict,material_killers
NVDA,8.9,0.4,HIGH,Own Forever,1
MEDP,8.6,0.4,HIGH,Own Forever,0
GOOGL,8.4,0.4,HIGH,Own Forever,1
ROL,8.4,0.4,HIGH,Own Forever,0
AM,8.4,0.4,HIGH,Own Forever,0
ALLE,8.3,0.4,HIGH,Own Forever,0
CTAS,8.3,0.4,HIGH,Own Forever,0
FICO,8.3,0.4,HIGH,Own Forever,1
MSFT,8.3,0.4,HIGH,Own Forever,2
WRB,8.3,0.4,HIGH,Own Forever,0
SEIC,8.3,0.4,HIGH,Own Forever,0
LOPE,8.3,0.4,HIGH,Own Forever,0
MAR,8.2,0.4,HIGH,Own Forever,0
SCCO,8.2,0.4,HIGH,Own Forever,0
AXP,8.1,0.4,HIGH,Own Forever,0
META,8.1,0.4,HIGH,Own Forever,1
BYD,8.1,0.4,HIGH,Own Forever,0
NBIX,8.1,0.4,HIGH,Own Forever,0
PCTY,8.1,0.4,HIGH,Own Forever,1
NEU,8.1,0.4,HIGH,Own Forever,0
APP,8.0,0.3,MODERATE,Watchlist,0
HCA,8.0,0.3,MODERATE,Watchlist,0
JPM,8.0,0.3,MODERATE,Watchlist,1
HALO,8.0,0.3,MODERATE,Watchlist,1
EXEL,8.0,0.3,MODERATE,Watchlist,1
MORN,8.0,0.3,MODERATE,Watchlist,0
BKNG,7.9,0.29,MODERATE,Watchlist,1
FTNT,7.9,0.29,MODERATE,Watchlist,1
MCD,7.9,0.29,MODERATE,Watchlist,1
SNA,7.9,0.29,MODERATE,Watchlist,0
SN,7.9,0.29,MODERATE,Watchlist,0
CACC,7.9,0.29,MODERATE,Watchlist,0
ADBE,7.8,0.28,MODERATE,Watchlist,2
MO,7.8,0.28,MODERATE,Watchlist,1
ANET,7.8,0.28,MODERATE,Watchlist,1
ADSK,7.8,0.28,MODERATE,Watchlist,2
DECK,7.8,0.28,MODERATE,Watchlist,1
RMD,7.8,0.28,MODERATE,Watchlist,1
LNG,7.8,0.28,MODERATE,Watchlist,1
AWI,7.8,0.28,MODERATE,Watchlist,0
UTHR,7.8,0.28,MODERATE,Watchlist,0
SLM,7.8,0.28,MODERATE,Watchlist,0
AOS,7.7,0.27,MODERATE,Watchlist,1
LLY,7.7,0.27,MODERATE,Watchlist,1
MCO,7.7,0.27,MODERATE,Watchlist,0
HEI,7.7,0.27,MODERATE,Watchlist,0
AFG,7.7,0.27,MODERATE,Watchlist,0
STWD,7.7,0.27,MODERATE,Watchlist,0
AON,7.6,0.26,MODERATE,Watchlist,0
MNST,7.6,0.26,MODERATE,Watchlist,0
V,7.6,0.26,MODERATE,Watchlist,1
ZTS,7.6,0.26,MODERATE,Watchlist,1
BIRK,7.6,0.26,MODERATE,Watchlist,0
CBC,7.6,0.26,MODERATE,Watchlist,0
BX,7.5,0.25,MODERATE,Watchlist,0
ERIE,7.5,0.25,MODERATE,Watchlist,0
LVS,7.5,0.25,MODERATE,Watchlist,0
NTAP,7.5,0.25,MODERATE,Watchlist,2
CINF,7.4,0.24,MODERATE,Watchlist,0
AU,7.4,0.24,MODERATE,Watchlist,1
BAM,7.4,0.24,MODERATE,Watchlist,0
LECO,7.4,0.24,MODERATE,Watchlist,0
YETI,7.4,0.24,MODERATE,Watchlist,1
ALL,7.3,0.23,MODERATE,Watchlist,1
ACGL,7.3,0.23,MODERATE,Watchlist,0
EXPE,7.3,0.23,MODERATE,Watchlist,1
LULU,7.3,0.23,MODERATE,Watchlist,0
MRSH,7.3,0.23,MODERATE,Watchlist,1
TMUS,7.3,0.23,MODERATE,Watchlist,0
TRV,7.3,0.23,MODERATE,Watchlist,1
RNR,7.3,0.23,MODERATE,Watchlist,0
PEGA,7.3,0.23,MODERATE,Watchlist,1
GOOG,7.2,0.22,MODERATE,Watchlist,1
AMP,7.2,0.22,MODERATE,Watchlist,1
APO,7.2,0.22,MODERATE,Watchlist,0
HIG,7.2,0.22,MODERATE,Watchlist,1
MAS,7.2,0.22,MODERATE,Watchlist,1
MRK,7.2,0.22,MODERATE,Watchlist,1
PAYX,7.2,0.22,MODERATE,Watchlist,2
PNR,7.2,0.22,MODERATE,Watchlist,0
PG,7.2,0.22,MODERATE,Watchlist,1
PGR,7.2,0.22,MODERATE,Watchlist,1
PTC,7.2,0.22,MODERATE,Watchlist,2
RL,7.2,0.22,MODERATE,Watchlist,0
TROW,7.2,0.22,MODERATE,Watchlist,0
TTD,7.2,0.22,MODERATE,Watchlist,0
PRI,7.2,0.22,MODERATE,Watchlist,1
PAYC,7.2,0.22,MODERATE,Watchlist,2
KNSL,7.2,0.22,MODERATE,Watchlist,1
GAP,7.2,0.22,MODERATE,Watchlist,0
NLY,7.2,0.22,MODERATE,Watchlist,1
GGG,7.2,0.22,MODERATE,Watchlist,1
VIRT,7.2,0.22,MODERATE,Watchlist,1
ADT,7.2,0.22,MODERATE,Watchlist,0
DOCS,7.2,0.22,MODERATE,Watchlist,0
AMGN,7.1,0.21,MODERATE,Watchlist,1
KO,7.1,0.21,MODERATE,Watchlist,0
STZ,7.1,0.21,MODERATE,Watchlist,0
FFIV,7.1,0.21,MODERATE,Watchlist,2
INTU,7.1,0.21,MODERATE,Watchlist,1
JNJ,7.1,0.21,MODERATE,Watchlist,1
ROST,7.1,0.21,MODERATE,Watchlist,0
SYF,7.1,0.21,MODERATE,Watchlist,1
UNP,7.1,0.21,MODERATE,Watchlist,1
ALSN,7.1,0.21,MODERATE,Watchlist,1
TIGO,7.1,0.21,MODERATE,Watchlist,0
XP,7.1,0.21,MODERATE,Watchlist,1
ONON,7.1,0.21,MODERATE,Watchlist,0
AS,7.1,0.21,MODERATE,Watchlist,0
EWBC,7.1,0.21,MODERATE,Watchlist,1
RLI,7.1,0.21,MODERATE,Watchlist,0
HRB,7.1,0.21,MODERATE,Watchlist,0
BOKF,7.1,0.21,MODERATE,Watchlist,0
AFL,7.0,0.2,MODERATE,Watchlist,1
AVGO,7.0,0.2,MODERATE,Watchlist,1
SCHW,7.0,0.2,MODERATE,Watchlist,1
CB,7.0,0.2,MODERATE,Watchlist,1
CL,7.0,0.2,MODERATE,Watchlist,1
HUBB,7.0,0.2,MODERATE,Watchlist,1
ICE,7.0,0.2,MODERATE,Watchlist,1
MA,7.0,0.2,MODERATE,Watchlist,1
MTD,7.0,0.2,MODERATE,Watchlist,1
PM,7.0,0.2,MODERATE,Watchlist,1
TJX,7.0,0.2,MODERATE,Watchlist,1
VRSN,7.0,0.2,MODERATE,Watchlist,2
WTW,7.0,0.2,MODERATE,Watchlist,1
WTFC,7.0,0.2,MODERATE,Watchlist,0
CR,7.0,0.2,MODERATE,Watchlist,0
HLI,7.0,0.2,MODERATE,Watchlist,1
SFM,7.0,0.2,MODERATE,Watchlist,1
WFRD,7.0,0.2,MODERATE,Watchlist,0
EXP,7.0,0.2,MODERATE,Watchlist,0
JHG,7.0,0.2,MODERATE,Watchlist,1
CG,7.0,0.2,MODERATE,Watchlist,0
RPM,7.0,0.2,MODERATE,Watchlist,0
AGNC,7.0,0.2,MODERATE,Watchlist,1
DLB,7.0,0.2,MODERATE,Watchlist,0
BSX,6.9,0.19,MODERATE,Watchlist,1
IT,6.9,0.19,MODERATE,Watchlist,1
GILD,6.9,0.19,MODERATE,Watchlist,1
NWS,6.9,0.19,MODERATE,Watchlist,0
SYY,6.9,0.19,MODERATE,Watchlist,1
MTCH,6.9,0.19,MODERATE,Watchlist,1
TEM,6.9,0.19,MODERATE,Watchlist,0
DDS,6.9,0.19,MODERATE,Watchlist,0
FCNCA,6.9,0.19,MODERATE,Watchlist,0
CSL,6.9,0.19,MODERATE,Watchlist,0
AAPL,6.8,0.18,MODERATE,Watchlist,1
AIZ,6.8,0.18,MODERATE,Watchlist,1
ADP,6.8,0.18,MODERATE,Watchlist,2
CPRT,6.8,0.18,MODERATE,Watchlist,1
FDS,6.8,0.18,MODERATE,Watchlist,1
FOX,6.8,0.18,MODERATE,Watchlist,0
FCX,6.8,0.18,MODERATE,Watchlist,1
IDXX,6.8,0.18,MODERATE,Watchlist,1
INCY,6.8,0.18,MODERATE,Watchlist,1
IBKR,6.8,0.18,MODERATE,Watchlist,0
TPL,6.8,0.18,MODERATE,Watchlist,1
TT,6.8,0.18,MODERATE,Watchlist,1
WMT,6.8,0.18,MODERATE,Watchlist,0
NU,6.8,0.18,MODERATE,Watchlist,1
SSB,6.8,0.18,MODERATE,Watchlist,0
ORI,6.8,0.18,MODERATE,Watchlist,1
MANH,6.8,0.18,MODERATE,Watchlist,1
AXS,6.8,0.18,MODERATE,Watchlist,1
THG,6.8,0.18,MODERATE,Watchlist,1
OMF,6.8,0.18,MODERATE,Watchlist,1
BSY,6.8,0.18,MODERATE,Watchlist,1
WTM,6.8,0.18,MODERATE,Watchlist,0
BRBR,6.8,0.18,MODERATE,Watchlist,0
MRP,6.8,0.18,MODERATE,Watchlist,1
CLX,6.7,0.17,MODERATE,Watchlist,1
CMCSA,6.7,0.17,MODERATE,Watchlist,1
DXCM,6.7,0.17,MODERATE,Watchlist,1
GRMN,6.7,0.17,MODERATE,Watchlist,1
ITW,6.7,0.17,MODERATE,Watchlist,1
OTIS,6.7,0.17,MODERATE,Watchlist,1
PPG,6.7,0.17,MODERATE,Watchlist,1
CRM,6.7,0.17,MODERATE,Watchlist,1
SHW,6.7,0.17,MODERATE,Watchlist,1
URI,6.7,0.17,MODERATE,Watchlist,1
XYL,6.7,0.17,MODERATE,Watchlist,1
LPLA,6.7,0.17,MODERATE,Watchlist,1
WMS,6.7,0.17,MODERATE,Watchlist,1
RRC,6.7,0.17,MODERATE,Watchlist,0
CBSH,6.7,0.17,MODERATE,Watchlist,0
MSA,6.7,0.17,MODERATE,Watchlist,1
GTES,6.7,0.17,MODERATE,Watchlist,0
MKTX,6.7,0.17,MODERATE,Watchlist,1
REYN,6.7,0.17,MODERATE,Watchlist,0
BJ,6.7,0.17,MODERATE,Watchlist,1
DUOL,6.7,0.17,MODERATE,Watchlist,1
HLNE,6.7,0.17,MODERATE,Watchlist,1
TDC,6.7,0.17,MODERATE,Watchlist,1
CF,6.6,0.16,MODERATE,Watchlist,1
CMG,6.6,0.16,MODERATE,Watchlist,1
CME,6.6,0.16,MODERATE,Watchlist,1
EFX,6.6,0.16,MODERATE,Watchlist,1
FAST,6.6,0.16,MODERATE,Watchlist,1
GL,6.6,0.16,MODERATE,Watchlist,1
KKR,6.6,0.16,MODERATE,Watchlist,0
NFLX,6.6,0.16,MODERATE,Watchlist,1
OXY,6.6,0.16,MODERATE,Watchlist,0
PH,6.6,0.16,MODERATE,Watchlist,1
RSG,6.6,0.16,MODERATE,Watchlist,1
RCL,6.6,0.16,MODERATE,Watchlist,0
VLTO,6.6,0.16,MODERATE,Watchlist,1
VEEV,6.6,0.16,MODERATE,Watchlist,1
EHC,6.6,0.16,MODERATE,Watchlist,0
BPOP,6.6,0.16,MODERATE,Watchlist,0
AXTA,6.6,0.16,MODERATE,Watchlist,1
COLM,6.6,0.16,MODERATE,Watchlist,0
ITT,6.6,0.16,MODERATE,Watchlist,1
AME,6.5,0.15,MODERATE,Watchlist,1
BK,6.5,0.15,MODERATE,Watchlist,1
BMY,6.5,0.15,MODERATE,Watchlist,1
BRO,6.5,0.15,MODERATE,Watchlist,1
CBOE,6.5,0.15,MODERATE,Watchlist,1
KMB,6.5,0.15,MODERATE,Watchlist,1
KLAC,6.5,0.15,MODERATE,Watchlist,2
HOOD,6.5,0.15,MODERATE,Watchlist,1
SPGI,6.5,0.15,MODERATE,Watchlist,1
SYK,6.5,0.15,MODERATE,Watchlist,1
VRSK,6.5,0.15,MODERATE,Watchlist,1
GWW,6.5,0.15,MODERATE,Watchlist,1
WFC,6.5,0.15,MODERATE,Watchlist,1
YUM,6.5,0.15,MODERATE,Watchlist,1
DCI,6.5,0.15,MODERATE,Watchlist,1
SSD,6.5,0.15,MODERATE,Watchlist,1
CHE,6.5,0.15,MODERATE,Watchlist,0
MTG,6.5,0.15,MODERATE,Watchlist,0
GNTX,6.5,0.15,MODERATE,Watchlist,1
MLI,6.5,0.15,MODERATE,Watchlist,0
BBWI,6.5,0.15,MODERATE,Watchlist,1
VGNT,6.5,0.15,MODERATE,Watchlist,1
BRK-B,6.4,0.14,MODERATE,Watchlist,0
COP,6.4,0.14,MODERATE,Watchlist,1
COST,6.4,0.14,MODERATE,Watchlist,1
ETN,6.4,0.14,MODERATE,Watchlist,1
GEHC,6.4,0.14,MODERATE,Watchlist,1
GS,6.4,0.14,MODERATE,Watchlist,1
JKHY,6.4,0.14,MODERATE,Watchlist,2
ORLY,6.4,0.14,MODERATE,Watchlist,1
PYPL,6.4,0.14,MODERATE,Watchlist,1
VRTX,6.4,0.14,MODERATE,Watchlist,2
WSM,6.4,0.14,MODERATE,Watchlist,0
BAH,6.4,0.14,MODERATE,Watchlist,0
CROX,6.4,0.14,MODERATE,Watchlist,0
EXLS,6.4,0.14,MODERATE,Watchlist,1
THC,6.4,0.14,MODERATE,Watchlist,0
TW,6.4,0.14,MODERATE,Watchlist,1
LAZ,6.4,0.14,MODERATE,Watchlist,1
CAH,6.3,0.13,MODERATE,Watchlist,1
CHD,6.3,0.13,MODERATE,Watchlist,1
ECL,6.3,0.13,MODERATE,Watchlist,1
PEP,6.3,0.13,MODERATE,Watchlist,1
TRGP,6.3,0.13,MODERATE,Watchlist,0
USB,6.3,0.13,MODERATE,Watchlist,1
WM,6.3,0.13,MODERATE,Watchlist,1
ZION,6.3,0.13,MODERATE,Watchlist,0
WAL,6.3,0.13,MODERATE,Watchlist,0
ATR,6.3,0.13,MODERATE,Watchlist,1
NFG,6.3,0.13,MODERATE,Watchlist,0
RGLD,6.3,0.13,MODERATE,Watchlist,1
DKS,6.3,0.13,MODERATE,Watchlist,0
TRU,6.3,0.13,MODERATE,Watchlist,1
T,6.2,0.12,MODERATE,Watchlist,1
AZO,6.2,0.12,MODERATE,Watchlist,1
BAC,6.2,0.12,MODERATE,Watchlist,1
EG,6.2,0.12,MODERATE,Watchlist,1
HD,6.2,0.12,MODERATE,Watchlist,1
LII,6.2,0.12,MODERATE,Watchlist,1
LIN,6.2,0.12,MODERATE,Watchlist,1
LOW,6.2,0.12,MODERATE,Watchlist,1
MSI,6.2,0.12,MODERATE,Watchlist,2
NDAQ,6.2,0.12,MODERATE,Watchlist,1
PNC,6.2,0.12,MODERATE,Watchlist,1
PFG,6.2,0.12,MODERATE,Watchlist,0
WAT,6.2,0.12,MODERATE,Watchlist,1
WDAY,6.2,0.12,MODERATE,Watchlist,1
ALNY,6.2,0.12,MODERATE,Watchlist,2
DT,6.2,0.12,MODERATE,Watchlist,2
VNOM,6.2,0.12,MODERATE,Watchlist,1
FLS,6.2,0.12,MODERATE,Watchlist,1
COLB,6.2,0.12,MODERATE,Watchlist,1
FNB,6.2,0.12,MODERATE,Watchlist,0
ESAB,6.2,0.12,MODERATE,Watchlist,1
OZK,6.2,0.12,MODERATE,Watchlist,1
FCN,6.2,0.12,MODERATE,Watchlist,0
RITM,6.2,0.12,MODERATE,Watchlist,1
APG,6.2,0.12,MODERATE,Watchlist,0
NYT,6.2,0.12,MODERATE,Watchlist,0
OKTA,6.2,0.12,MODERATE,Watchlist,2
RNG,6.2,0.12,MODERATE,Watchlist,2
ABT,6.1,0.11,MODERATE,Watchlist,1
CTVA,6.1,0.11,MODERATE,Watchlist,1
DOV,6.1,0.11,MODERATE,Watchlist,0
EBAY,6.1,0.11,MODERATE,Watchlist,1
EOG,6.1,0.11,MODERATE,Watchlist,1
GDDY,6.1,0.11,MODERATE,Watchlist,2
IR,6.1,0.11,MODERATE,Watchlist,1
MTB,6.1,0.11,MODERATE,Watchlist,1
NOW,6.1,0.11,MODERATE,Watchlist,2
FTI,6.1,0.11,MODERATE,Watchlist,0
CNM,6.1,0.11,MODERATE,Watchlist,1
SAM,6.1,0.11,MODERATE,Watchlist,1
BILL,6.1,0.11,MODERATE,Watchlist,2
WU,6.1,0.11,MODERATE,Watchlist,1
AEE,6.0,0.0,LOW,Pass,2
AMT,6.0,0.0,LOW,Pass,2
AWK,6.0,0.0,LOW,Pass,2
BF-B,6.0,0.0,LOW,Pass,0
CHTR,6.0,0.0,LOW,Pass,1
CMS,6.0,0.0,LOW,Pass,2
COO,6.0,0.0,LOW,Pass,1
CPAY,6.0,0.0,LOW,Pass,2
CTRA,6.0,0.0,LOW,Pass,1
CRH,6.0,0.0,LOW,Pass,1
DRI,6.0,0.0,LOW,Pass,2
DVA,6.0,0.0,LOW,Pass,1
D,6.0,0.0,LOW,Pass,2
DPZ,6.0,0.0,LOW,Pass,2
DUK,6.0,0.0,LOW,Pass,2
EIX,6.0,0.0,LOW,Pass,2
ES,6.0,0.0,LOW,Pass,2
EXC,6.0,0.0,LOW,Pass,2
GEN,6.0,0.0,LOW,Pass,3
GPN,6.0,0.0,LOW,Pass,2
HLT,6.0,0.0,LOW,Pass,1
HON,6.0,0.0,LOW,Pass,2
KVUE,6.0,0.0,LOW,Pass,1
KDP,6.0,0.0,LOW,Pass,1
KIM,6.0,0.0,LOW,Pass,1
KMI,6.0,0.0,LOW,Pass,1
KHC,6.0,0.0,LOW,Pass,0
MCK,6.0,0.0,LOW,Pass,1
MDT,6.0,0.0,LOW,Pass,1
MET,6.0,0.0,LOW,Pass,1
NEM,6.0,0.0,LOW,Pass,1
ORCL,6.0,0.0,LOW,Pass,2
PRU,6.0,0.0,LOW,Pass,2
QCOM,6.0,0.0,LOW,Pass,2
RF,6.0,0.0,LOW,Pass,1
SBAC,6.0,0.0,LOW,Pass,2
SPG,6.0,0.0,LOW,Pass,1
SOLV,6.0,0.0,LOW,Pass,1
SO,6.0,0.0,LOW,Pass,2
TDG,6.0,0.0,LOW,Pass,2
ULTA,6.0,0.0,LOW,Pass,1
UAL,6.0,0.0,LOW,Pass,1
VICI,6.0,0.0,LOW,Pass,2
WAB,6.0,0.0,LOW,Pass,1
WYNN,6.0,0.0,LOW,Pass,1
ZM,6.0,0.0,LOW,Pass,2
NTRA,6.0,0.0,LOW,Pass,0
CW,6.0,0.0,LOW,Pass,1
DKNG,6.0,0.0,LOW,Pass,1
WTRG,6.0,0.0,LOW,Pass,2
BRX,6.0,0.0,LOW,Pass,2
AYI,6.0,0.0,LOW,Pass,1
ADC,6.0,0.0,LOW,Pass,1
CRUS,6.0,0.0,LOW,Pass,2
NNN,6.0,0.0,LOW,Pass,2
AMG,6.0,0.0,LOW,Pass,1
VOYA,6.0,0.0,LOW,Pass,2
FAF,6.0,0.0,LOW,Pass,0
WH,6.0,0.0,LOW,Pass,1
PLNT,6.0,0.0,LOW,Pass,2
WEX,6.0,0.0,LOW,Pass,2
NCNO,6.0,0.0,LOW,Pass,2
GTM,6.0,0.0,LOW,Pass,2
CAI,6.0,0.0,LOW,Pass,2
FIGR,6.0,0.0,LOW,Pass,2
SFD,6.0,0.0,LOW,Pass,0
COTY,6.0,0.0,LOW,Pass,1
UWMC,6.0,0.0,LOW,Pass,1
FLUT,6.0,0.0,LOW,Pass,1
ZS,6.0,0.0,LOW,Pass,1
GLPI,6.0,0.0,LOW,Pass,1
LAMR,6.0,0.0,LOW,Pass,1
HUBS,6.0,0.0,LOW,Pass,2
WBS,6.0,0.0,LOW,Pass,1
COKE,6.0,0.0,LOW,Pass,1
DBX,6.0,0.0,LOW,Pass,3
WING,6.0,0.0,LOW,Pass,2
MSM,6.0,0.0,LOW,Pass,0
ESTC,6.0,0.0,LOW,Pass,1
APLS,6.0,0.0,LOW,Pass,2
EPR,6.0,0.0,LOW,Pass,1
TNL,6.0,0.0,LOW,Pass,1
SHC,6.0,0.0,LOW,Pass,1
ELF,6.0,0.0,LOW,Pass,1
RYAN,6.0,0.0,LOW,Pass,1
SMG,6.0,0.0,LOW,Pass,1
CHH,6.0,0.0,LOW,Pass,1
A,5.9,0.0,LOW,Pass,1
CDNS,5.9,0.0,LOW,Pass,2
CCL,5.9,0.0,LOW,Pass,1
FIX,5.9,0.0,LOW,Pass,0
FE,5.9,0.0,LOW,Pass,2
FOXA,5.9,0.0,LOW,Pass,0
NTRS,5.9,0.0,LOW,Pass,1
PCG,5.9,0.0,LOW,Pass,2
VZ,5.9,0.0,LOW,Pass,1
PB,5.9,0.0,LOW,Pass,0
CNA,5.9,0.0,LOW,Pass,1
P,5.9,0.0,LOW,Pass,1
MKL,5.9,0.0,LOW,Pass,0
TEAM,5.9,0.0,LOW,Pass,2
ALLY,5.9,0.0,LOW,Pass,0
AIT,5.9,0.0,LOW,Pass,1
RHI,5.9,0.0,LOW,Pass,0
LNT,5.8,0.0,LOW,Pass,2
AMZN,5.8,0.0,LOW,Pass,1
AEP,5.8,0.0,LOW,Pass,2
APA,5.8,0.0,LOW,Pass,1
BR,5.8,0.0,LOW,Pass,2
ED,5.8,0.0,LOW,Pass,2
FANG,5.8,0.0,LOW,Pass,0
EA,5.8,0.0,LOW,Pass,1
HSY,5.8,0.0,LOW,Pass,1
ISRG,5.8,0.0,LOW,Pass,1
MU,5.8,0.0,LOW,Pass,2
PNW,5.8,0.0,LOW,Pass,2
PPL,5.8,0.0,LOW,Pass,2
REGN,5.8,0.0,LOW,Pass,1
TSCO,5.8,0.0,LOW,Pass,1
UHS,5.8,0.0,LOW,Pass,1
WEC,5.8,0.0,LOW,Pass,2
XEL,5.8,0.0,LOW,Pass,2
FTAI,5.8,0.0,LOW,Pass,0
NTNX,5.8,0.0,LOW,Pass,3
TXRH,5.8,0.0,LOW,Pass,1
DOCU,5.8,0.0,LOW,Pass,2
AGCO,5.8,0.0,LOW,Pass,0
INGR,5.8,0.0,LOW,Pass,1
QGEN,5.8,0.0,LOW,Pass,1
ETSY,5.8,0.0,LOW,Pass,1
SIRI,5.8,0.0,LOW,Pass,1
OLLI,5.8,0.0,LOW,Pass,1
CXT,5.8,0.0,LOW,Pass,1
ZG,5.8,0.0,LOW,Pass,1
RH,5.8,0.0,LOW,Pass,1
INSP,5.8,0.0,LOW,Pass,0
UHAL,5.8,0.0,LOW,Pass,1
RDDT,5.8,0.0,LOW,Pass,1
RBC,5.8,0.0,LOW,Pass,0
OHI,5.8,0.0,LOW,Pass,1
JAZZ,5.8,0.0,LOW,Pass,1
PINS,5.8,0.0,LOW,Pass,0
OLED,5.8,0.0,LOW,Pass,2
BHF,5.8,0.0,LOW,Pass,0
FHB,5.8,0.0,LOW,Pass,1
ABBV,5.7,0.0,LOW,Pass,1
ABNB,5.7,0.0,LOW,Pass,0
BBY,5.7,0.0,LOW,Pass,1
COR,5.7,0.0,LOW,Pass,0
DVN,5.7,0.0,LOW,Pass,1
DASH,5.7,0.0,LOW,Pass,1
EMR,5.7,0.0,LOW,Pass,1
HWM,5.7,0.0,LOW,Pass,1
IBM,5.7,0.0,LOW,Pass,3
MKC,5.7,0.0,LOW,Pass,1
MGM,5.7,0.0,LOW,Pass,1
ROK,5.7,0.0,LOW,Pass,1
SLB,5.7,0.0,LOW,Pass,1
STT,5.7,0.0,LOW,Pass,1
STE,5.7,0.0,LOW,Pass,1
TPR,5.7,0.0,LOW,Pass,1
GMED,5.7,0.0,LOW,Pass,1
JEF,5.7,0.0,LOW,Pass,0
MIDD,5.7,0.0,LOW,Pass,0
VNT,5.7,0.0,LOW,Pass,2
DV,5.7,0.0,LOW,Pass,0
CLVT,5.7,0.0,LOW,Pass,3
OVV,5.7,0.0,LOW,Pass,1
WPC,5.7,0.0,LOW,Pass,1
DTM,5.7,0.0,LOW,Pass,1
MAT,5.7,0.0,LOW,Pass,1
PATH,5.7,0.0,LOW,Pass,2
ATO,5.6,0.0,LOW,Pass,2
EQR,5.6,0.0,LOW,Pass,2
EXE,5.6,0.0,LOW,Pass,1
FSLR,5.6,0.0,LOW,Pass,2
BEN,5.6,0.0,LOW,Pass,0
NWSA,5.6,0.0,LOW,Pass,1
ROP,5.6,0.0,LOW,Pass,2
WMB,5.6,0.0,LOW,Pass,2
ZBH,5.6,0.0,LOW,Pass,1
AR,5.6,0.0,LOW,Pass,0
AMH,5.6,0.0,LOW,Pass,2
BMRN,5.6,0.0,LOW,Pass,2
TTC,5.6,0.0,LOW,Pass,0
KEX,5.6,0.0,LOW,Pass,1
MTDR,5.6,0.0,LOW,Pass,1
CART,5.6,0.0,LOW,Pass,1
FRMI,5.6,0.0,LOW,Pass,0
BURL,5.6,0.0,LOW,Pass,2
RGA,5.6,0.0,LOW,Pass,1
FIVE,5.6,0.0,LOW,Pass,0
FHN,5.6,0.0,LOW,Pass,1
TREX,5.6,0.0,LOW,Pass,1
BRKR,5.6,0.0,LOW,Pass,1
FOUR,5.6,0.0,LOW,Pass,2
HAYW,5.6,0.0,LOW,Pass,0
CAT,5.5,0.0,LOW,Pass,1
DELL,5.5,0.0,LOW,Pass,2
EME,5.5,0.0,LOW,Pass,1
GIS,5.5,0.0,LOW,Pass,1
J,5.5,0.0,LOW,Pass,1
LHX,5.5,0.0,LOW,Pass,1
OKE,5.5,0.0,LOW,Pass,2
O,5.5,0.0,LOW,Pass,2
SNPS,5.5,0.0,LOW,Pass,2
EGP,5.5,0.0,LOW,Pass,1
CUBE,5.5,0.0,LOW,Pass,2
U,5.5,0.0,LOW,Pass,1
CHRD,5.5,0.0,LOW,Pass,1
Z,5.5,0.0,LOW,Pass,2
STAG,5.5,0.0,LOW,Pass,2
PPC,5.5,0.0,LOW,Pass,0
WWD,5.5,0.0,LOW,Pass,1
RPRX,5.5,0.0,LOW,Pass,3
PR,5.5,0.0,LOW,Pass,0
SSNC,5.5,0.0,LOW,Pass,2
PNFP,5.5,0.0,LOW,Pass,0
ELS,5.5,0.0,LOW,Pass,2
MTN,5.5,0.0,LOW,Pass,0
WSC,5.5,0.0,LOW,Pass,1
APPF,5.5,0.0,LOW,Pass,2
IRDM,5.5,0.0,LOW,Pass,2
GTLB,5.5,0.0,LOW,Pass,1
MMM,5.4,0.0,LOW,Pass,1
ACN,5.4,0.0,LOW,Pass,2
APD,5.4,0.0,LOW,Pass,1
APH,5.4,0.0,LOW,Pass,2
CSGP,5.4,0.0,LOW,Pass,1
DTE,5.4,0.0,LOW,Pass,2
EQT,5.4,0.0,LOW,Pass,1
FTV,5.4,0.0,LOW,Pass,2
GE,5.4,0.0,LOW,Pass,1
HBAN,5.4,0.0,LOW,Pass,1
TMO,5.4,0.0,LOW,Pass,1
VST,5.4,0.0,LOW,Pass,1
UGI,5.4,0.0,LOW,Pass,2
VSNT,5.4,0.0,LOW,Pass,1
TPG,5.4,0.0,LOW,Pass,1
G,5.4,0.0,LOW,Pass,2
FBIN,5.4,0.0,LOW,Pass,0
USFD,5.4,0.0,LOW,Pass,1
RBA,5.4,0.0,LOW,Pass,1
PVH,5.4,0.0,LOW,Pass,1
JHX,5.4,0.0,LOW,Pass,2
ALGN,5.3,0.0,LOW,Pass,1
AJG,5.3,0.0,LOW,Pass,1
AXON,5.3,0.0,LOW,Pass,1
BLDR,5.3,0.0,LOW,Pass,1
CNP,5.3,0.0,LOW,Pass,2
CVX,5.3,0.0,LOW,Pass,1
C,5.3,0.0,LOW,Pass,1
DHR,5.3,0.0,LOW,Pass,1
FRT,5.3,0.0,LOW,Pass,1
GD,5.3,0.0,LOW,Pass,1
INVH,5.3,0.0,LOW,Pass,2
IQV,5.3,0.0,LOW,Pass,1
L,5.3,0.0,LOW,Pass,0
NI,5.3,0.0,LOW,Pass,2
NVR,5.3,0.0,LOW,Pass,1
PLTR,5.3,0.0,LOW,Pass,1
REG,5.3,0.0,LOW,Pass,2
SNDK,5.3,0.0,LOW,Pass,2
TFC,5.3,0.0,LOW,Pass,1
VRT,5.3,0.0,LOW,Pass,1
QSR,5.3,0.0,LOW,Pass,1
ACM,5.3,0.0,LOW,Pass,1
OSK,5.3,0.0,LOW,Pass,1
CHWY,5.3,0.0,LOW,Pass,0
CELH,5.3,0.0,LOW,Pass,1
SON,5.3,0.0,LOW,Pass,1
PFGC,5.3,0.0,LOW,Pass,1
RIVN,5.3,0.0,LOW,Pass,0
UI,5.3,0.0,LOW,Pass,1
AGO,5.3,0.0,LOW,Pass,1
IAC,5.3,0.0,LOW,Pass,1
LOAR,5.3,0.0,LOW,Pass,1
ARE,5.2,0.0,LOW,Pass,1
ADI,5.2,0.0,LOW,Pass,2
AVY,5.2,0.0,LOW,Pass,1
BIIB,5.2,0.0,LOW,Pass,1
BLK,5.2,0.0,LOW,Pass,0
CPB,5.2,0.0,LOW,Pass,1
CSCO,5.2,0.0,LOW,Pass,2
DLTR,5.2,0.0,LOW,Pass,1
DD,5.2,0.0,LOW,Pass,1
LDOS,5.2,0.0,LOW,Pass,2
LMT,5.2,0.0,LOW,Pass,1
PFE,5.2,0.0,LOW,Pass,1
PEG,5.2,0.0,LOW,Pass,2
PSA,5.2,0.0,LOW,Pass,1
RJF,5.2,0.0,LOW,Pass,1
SRE,5.2,0.0,LOW,Pass,2
SJM,5.2,0.0,LOW,Pass,0
VMC,5.2,0.0,LOW,Pass,1
CACI,5.2,0.0,LOW,Pass,2
SCI,5.2,0.0,LOW,Pass,0
VMI,5.2,0.0,LOW,Pass,0
LNC,5.2,0.0,LOW,Pass,2
W,5.2,0.0,LOW,Pass,1
TFX,5.2,0.0,LOW,Pass,2
BIO,5.2,0.0,LOW,Pass,0
LBTYA,5.2,0.0,LOW,Pass,1
ATI,5.2,0.0,LOW,Pass,0
AFRM,5.2,0.0,LOW,Pass,1
SNX,5.2,0.0,LOW,Pass,1
TOL,5.2,0.0,LOW,Pass,1
EEFT,5.2,0.0,LOW,Pass,3
ASH,5.2,0.0,LOW,Pass,1
AIG,5.1,0.0,LOW,Pass,1
BDX,5.1,0.0,LOW,Pass,1
COF,5.1,0.0,LOW,Pass,0
EXR,5.1,0.0,LOW,Pass,2
XOM,5.1,0.0,LOW,Pass,1
HAS,5.1,0.0,LOW,Pass,1
PODD,5.1,0.0,LOW,Pass,1
KEY,5.1,0.0,LOW,Pass,1
NDSN,5.1,0.0,LOW,Pass,1
STX,5.1,0.0,LOW,Pass,2
TKO,5.1,0.0,LOW,Pass,0
ALAB,5.1,0.0,LOW,Pass,1
NVT,5.1,0.0,LOW,Pass,1
CNH,5.1,0.0,LOW,Pass,1
TTEK,5.1,0.0,LOW,Pass,1
CFR,5.1,0.0,LOW,Pass,1
AUR,5.1,0.0,LOW,Pass,0
CHDN,5.1,0.0,LOW,Pass,2
NXST,5.1,0.0,LOW,Pass,2
POST,5.1,0.0,LOW,Pass,1
BLSH,5.1,0.0,LOW,Pass,1
WEN,5.1,0.0,LOW,Pass,2
LCID,5.1,0.0,LOW,Pass,0
CERT,5.1,0.0,LOW,Pass,0
SGI,5.1,0.0,LOW,Pass,1
JLL,5.1,0.0,LOW,Pass,1
BLD,5.1,0.0,LOW,Pass,1
SF,5.1,0.0,LOW,Pass,0
DRS,5.1,0.0,LOW,Pass,0
QS,5.1,0.0,LOW,Pass,0
MPT,5.1,0.0,LOW,Pass,1
ARES,5.0,0.0,LOW,Pass,2
XYZ,5.0,0.0,LOW,Pass,2
CDW,5.0,0.0,LOW,Pass,2
CTSH,5.0,0.0,LOW,Pass,2
EVRG,5.0,0.0,LOW,Pass,2
FITB,5.0,0.0,LOW,Pass,1
HAL,5.0,0.0,LOW,Pass,1
JCI,5.0,0.0,LOW,Pass,1
LYB,5.0,0.0,LOW,Pass,1
NSC,5.0,0.0,LOW,Pass,1
PANW,5.0,0.0,LOW,Pass,2
TDY,5.0,0.0,LOW,Pass,2
TXT,5.0,0.0,LOW,Pass,1
TRMB,5.0,0.0,LOW,Pass,2
TYL,5.0,0.0,LOW,Pass,2
WBD,5.0,0.0,LOW,Pass,1
MSTR,5.0,0.0,LOW,Pass,2
OGE,5.0,0.0,LOW,Pass,2
IOT,5.0,0.0,LOW,Pass,1
REXR,5.0,0.0,LOW,Pass,2
AAL,5.0,0.0,LOW,Pass,1
DOX,5.0,0.0,LOW,Pass,2
LYFT,5.0,0.0,LOW,Pass,1
MHK,5.0,0.0,LOW,Pass,0
SMMT,5.0,0.0,LOW,Pass,1
CNXC,5.0,0.0,LOW,Pass,2
MDB,5.0,0.0,LOW,Pass,1
TLN,5.0,0.0,LOW,Pass,2
FNF,5.0,0.0,LOW,Pass,1
EVR,5.0,0.0,LOW,Pass,1
VVV,5.0,0.0,LOW,Pass,2
AMTM,5.0,0.0,LOW,Pass,0
CCC,5.0,0.0,LOW,Pass,3
FRPT,5.0,0.0,LOW,Pass,0
PAG,5.0,0.0,LOW,Pass,1
PSN,5.0,0.0,LOW,Pass,1
LINE,5.0,0.0,LOW,Pass,1
AKAM,4.9,0.0,LOW,Pass,2
AMAT,4.9,0.0,LOW,Pass,2
CSX,4.9,0.0,LOW,Pass,1
CMI,4.9,0.0,LOW,Pass,1
DAL,4.9,0.0,LOW,Pass,1
ETR,4.9,0.0,LOW,Pass,2
ESS,4.9,0.0,LOW,Pass,2
FDX,4.9,0.0,LOW,Pass,1
IEX,4.9,0.0,LOW,Pass,1
IFF,4.9,0.0,LOW,Pass,1
LH,4.9,0.0,LOW,Pass,1
NXPI,4.9,0.0,LOW,Pass,2
ODFL,4.9,0.0,LOW,Pass,1
POOL,4.9,0.0,LOW,Pass,1
DGX,4.9,0.0,LOW,Pass,1
LUV,4.9,0.0,LOW,Pass,0
UBER,4.9,0.0,LOW,Pass,2
UPS,4.9,0.0,LOW,Pass,1
OC,4.9,0.0,LOW,Pass,0
QRVO,4.9,0.0,LOW,Pass,1
VFC,4.9,0.0,LOW,Pass,1
PRMB,4.9,0.0,LOW,Pass,1
NWL,4.9,0.0,LOW,Pass,1
FMC,4.9,0.0,LOW,Pass,2
LLYVA,4.9,0.0,LOW,Pass,0
LBTYK,4.9,0.0,LOW,Pass,2
FLO,4.9,0.0,LOW,Pass,1
BEPC,4.9,0.0,LOW,Pass,2
NVST,4.9,0.0,LOW,Pass,2
CASY,4.8,0.0,LOW,Pass,1
COIN,4.8,0.0,LOW,Pass,1
EW,4.8,0.0,LOW,Pass,1
FISV,4.8,0.0,LOW,Pass,1
HPQ,4.8,0.0,LOW,Pass,2
JBL,4.8,0.0,LOW,Pass,1
LRCX,4.8,0.0,LOW,Pass,2
NKE,4.8,0.0,LOW,Pass,0
NCLH,4.8,0.0,LOW,Pass,2
RVTY,4.8,0.0,LOW,Pass,2
TGT,4.8,0.0,LOW,Pass,1
SPOT,4.8,0.0,LOW,Pass,0
FERG,4.8,0.0,LOW,Pass,0
MUSA,4.8,0.0,LOW,Pass,1
ESI,4.8,0.0,LOW,Pass,2
PCOR,4.8,0.0,LOW,Pass,2
NOV,4.8,0.0,LOW,Pass,1
M,4.8,0.0,LOW,Pass,1
KBR,4.8,0.0,LOW,Pass,1
SEB,4.8,0.0,LOW,Pass,0
SAIL,4.8,0.0,LOW,Pass,1
ILMN,4.8,0.0,LOW,Pass,1
CRS,4.8,0.0,LOW,Pass,0
SOFI,4.8,0.0,LOW,Pass,0
RS,4.8,0.0,LOW,Pass,1
VIK,4.8,0.0,LOW,Pass,1
RRX,4.8,0.0,LOW,Pass,2
UNM,4.8,0.0,LOW,Pass,1
TOST,4.8,0.0,LOW,Pass,2
GWRE,4.8,0.0,LOW,Pass,3
ROIV,4.8,0.0,LOW,Pass,1
BFAM,4.8,0.0,LOW,Pass,1
KRMN,4.8,0.0,LOW,Pass,2
KD,4.8,0.0,LOW,Pass,1
PENN,4.8,0.0,LOW,Pass,1
XRAY,4.8,0.0,LOW,Pass,2
CFG,4.7,0.0,LOW,Pass,1
EL,4.7,0.0,LOW,Pass,0
EXPD,4.7,0.0,LOW,Pass,1
MS,4.7,0.0,LOW,Pass,1
SWK,4.7,0.0,LOW,Pass,2
TER,4.7,0.0,LOW,Pass,2
EMN,4.7,0.0,LOW,Pass,1
IDA,4.7,0.0,LOW,Pass,2
LEA,4.7,0.0,LOW,Pass,1
HR,4.7,0.0,LOW,Pass,2
DXC,4.7,0.0,LOW,Pass,1
ASTS,4.7,0.0,LOW,Pass,2
RKT,4.7,0.0,LOW,Pass,1
PEN,4.7,0.0,LOW,Pass,0
AMD,4.6,0.0,LOW,Pass,2
APTV,4.6,0.0,LOW,Pass,1
CI,4.6,0.0,LOW,Pass,0
DG,4.6,0.0,LOW,Pass,2
KR,4.6,0.0,LOW,Pass,1
LYV,4.6,0.0,LOW,Pass,1
MLM,4.6,0.0,LOW,Pass,1
TAP,4.6,0.0,LOW,Pass,1
PHM,4.6,0.0,LOW,Pass,1
TEL,4.6,0.0,LOW,Pass,2
UDR,4.6,0.0,LOW,Pass,2
DIS,4.6,0.0,LOW,Pass,1
ELAN,4.6,0.0,LOW,Pass,1
AAON,4.6,0.0,LOW,Pass,0
ACI,4.6,0.0,LOW,Pass,1
PRGO,4.6,0.0,LOW,Pass,2
UA,4.6,0.0,LOW,Pass,2
EQH,4.6,0.0,LOW,Pass,1
SOLS,4.6,0.0,LOW,Pass,1
BWA,4.6,0.0,LOW,Pass,1
CWEN,4.6,0.0,LOW,Pass,2
HIW,4.6,0.0,LOW,Pass,1
AVB,4.5,0.0,LOW,Pass,2
FIS,4.5,0.0,LOW,Pass,3
IVZ,4.5,0.0,LOW,Pass,1
MSCI,4.5,0.0,LOW,Pass,0
NEE,4.5,0.0,LOW,Pass,2
OMC,4.5,0.0,LOW,Pass,1
PKG,4.5,0.0,LOW,Pass,0
PLD,4.5,0.0,LOW,Pass,2
SWKS,4.5,0.0,LOW,Pass,2
TTWO,4.5,0.0,LOW,Pass,1
VLO,4.5,0.0,LOW,Pass,1
VTRS,4.5,0.0,LOW,Pass,1
ZBRA,4.5,0.0,LOW,Pass,2
TWLO,4.5,0.0,LOW,Pass,2
FR,4.5,0.0,LOW,Pass,2
OWL,4.5,0.0,LOW,Pass,1
SARO,4.5,0.0,LOW,Pass,1
KMPR,4.5,0.0,LOW,Pass,2
FWONA,4.5,0.0,LOW,Pass,1
DJT,4.5,0.0,LOW,Pass,0
GLIBA,4.5,0.0,LOW,Pass,1
BWXT,4.5,0.0,LOW,Pass,2
WSO,4.5,0.0,LOW,Pass,1
CCK,4.5,0.0,LOW,Pass,1
CORT,4.5,0.0,LOW,Pass,2
SAIC,4.5,0.0,LOW,Pass,2
ENPH,4.5,0.0,LOW,Pass,1
CRBG,4.5,0.0,LOW,Pass,2
GNRC,4.4,0.0,LOW,Pass,0
HST,4.4,0.0,LOW,Pass,0
NUE,4.4,0.0,LOW,Pass,0
WST,4.4,0.0,LOW,Pass,1
KNX,4.4,0.0,LOW,Pass,0
MP,4.4,0.0,LOW,Pass,0
CE,4.4,0.0,LOW,Pass,2
LW,4.4,0.0,LOW,Pass,0
CZR,4.4,0.0,LOW,Pass,1
SITE,4.4,0.0,LOW,Pass,0
RAL,4.4,0.0,LOW,Pass,2
OGN,4.4,0.0,LOW,Pass,2
GPK,4.4,0.0,LOW,Pass,1
ACHC,4.4,0.0,LOW,Pass,1
BKR,4.3,0.0,LOW,Pass,1
HII,4.3,0.0,LOW,Pass,1
MPC,4.3,0.0,LOW,Pass,1
MAA,4.3,0.0,LOW,Pass,2
NOC,4.3,0.0,LOW,Pass,1
WDC,4.3,0.0,LOW,Pass,2
ARMK,4.3,0.0,LOW,Pass,2
S,4.3,0.0,LOW,Pass,1
LLYVK,4.3,0.0,LOW,Pass,0
NSA,4.3,0.0,LOW,Pass,1
FRHC,4.3,0.0,LOW,Pass,0
CHRW,4.2,0.0,LOW,Pass,1
CCI,4.2,0.0,LOW,Pass,2
DDOG,4.2,0.0,LOW,Pass,3
DLR,4.2,0.0,LOW,Pass,2
EPAM,4.2,0.0,LOW,Pass,1
GPC,4.2,0.0,LOW,Pass,1
KEYS,4.2,0.0,LOW,Pass,2
NRG,4.2,0.0,LOW,Pass,1
SMCI,4.2,0.0,LOW,Pass,3
TSN,4.2,0.0,LOW,Pass,0
DAR,4.2,0.0,LOW,Pass,1
R,4.2,0.0,LOW,Pass,0
MASI,4.2,0.0,LOW,Pass,0
TKR,4.2,0.0,LOW,Pass,1
AVT,4.2,0.0,LOW,Pass,2
AN,4.2,0.0,LOW,Pass,1
AVTR,4.2,0.0,LOW,Pass,1
RARE,4.2,0.0,LOW,Pass,1
GLOB,4.2,0.0,LOW,Pass,1
MAN,4.2,0.0,LOW,Pass,1
FWONK,4.2,0.0,LOW,Pass,1
AA,4.2,0.0,LOW,Pass,1
CLH,4.2,0.0,LOW,Pass,0
THO,4.2,0.0,LOW,Pass,0
CAR,4.2,0.0,LOW,Pass,1
VKTX,4.2,0.0,LOW,Pass,1
HOG,4.2,0.0,LOW,Pass,1
AMCR,4.1,0.0,LOW,Pass,2
TECH,4.1,0.0,LOW,Pass,2
MDLZ,4.1,0.0,LOW,Pass,2
PCAR,4.1,0.0,LOW,Pass,1
PSKY,4.1,0.0,LOW,Pass,1
PSX,4.1,0.0,LOW,Pass,1
STLD,4.1,0.0,LOW,Pass,1
ECG,4.1,0.0,LOW,Pass,1
LKQ,4.1,0.0,LOW,Pass,1
HXL,4.1,0.0,LOW,Pass,1
LAD,4.1,0.0,LOW,Pass,1
RGEN,4.1,0.0,LOW,Pass,1
SRPT,4.1,0.0,LOW,Pass,1
MKSI,4.1,0.0,LOW,Pass,3
LPX,4.1,0.0,LOW,Pass,1
AES,4.0,-0.2,AVOID,Avoid,2
BALL,4.0,-0.2,AVOID,Avoid,1
BXP,4.0,-0.2,AVOID,Avoid,2
CAG,4.0,-0.2,AVOID,Avoid,2
DE,4.0,-0.2,AVOID,Avoid,2
DHI,4.0,-0.2,AVOID,Avoid,1
GM,4.0,-0.2,AVOID,Avoid,2
HPE,4.0,-0.2,AVOID,Avoid,3
RTX,4.0,-0.2,AVOID,Avoid,1
SW,4.0,-0.2,AVOID,Avoid,1
SNOW,4.0,-0.2,AVOID,Avoid,1
RBLX,4.0,-0.2,AVOID,Avoid,1
AMKR,4.0,-0.2,AVOID,Avoid,1
RBRK,4.0,-0.2,AVOID,Avoid,1
H,4.0,-0.2,AVOID,Avoid,1
SNDR,4.0,-0.2,AVOID,Avoid,0
UAA,4.0,-0.2,AVOID,Avoid,2
IONS,4.0,-0.2,AVOID,Avoid,2
BAX,3.9,-0.21,AVOID,Avoid,2
CRL,3.9,-0.21,AVOID,Avoid,1
CEG,3.9,-0.21,AVOID,Avoid,1
CVS,3.9,-0.21,AVOID,Avoid,2
ELV,3.9,-0.21,AVOID,Avoid,1
F,3.9,-0.21,AVOID,Avoid,2
HRL,3.9,-0.21,AVOID,Avoid,1
HUM,3.9,-0.21,AVOID,Avoid,2
IP,3.9,-0.21,AVOID,Avoid,1
JBHT,3.9,-0.21,AVOID,Avoid,0
LEN,3.9,-0.21,AVOID,Avoid,1
MRNA,3.9,-0.21,AVOID,Avoid,2
MOS,3.9,-0.21,AVOID,Avoid,1
PWR,3.9,-0.21,AVOID,Avoid,1
TXN,3.9,-0.21,AVOID,Avoid,2
NET,3.9,-0.21,AVOID,Avoid,2
LSTR,3.9,-0.21,AVOID,Avoid,1
ALGM,3.9,-0.21,AVOID,Avoid,2
ST,3.9,-0.21,AVOID,Avoid,2
FND,3.9,-0.21,AVOID,Avoid,1
BC,3.9,-0.21,AVOID,Avoid,1
LBRDA,3.9,-0.21,AVOID,Avoid,1
NIQ,3.9,-0.21,AVOID,Avoid,1
RVMD,3.9,-0.21,AVOID,Avoid,1
ROKU,3.9,-0.21,AVOID,Avoid,1
SUI,3.9,-0.21,AVOID,Avoid,1
MDLN,3.9,-0.21,AVOID,Avoid,2
MDU,3.9,-0.21,AVOID,Avoid,2
LBRDK,3.9,-0.21,AVOID,Avoid,1
ALK,3.9,-0.21,AVOID,Avoid,2
WLK,3.9,-0.21,AVOID,Avoid,1
SLGN,3.9,-0.21,AVOID,Avoid,2
BG,3.8,-0.22,AVOID,Avoid,2
CPT,3.8,-0.22,AVOID,Avoid,1
CNC,3.8,-0.22,AVOID,Avoid,2
DOC,3.8,-0.22,AVOID,Avoid,2
HSIC,3.8,-0.22,AVOID,Avoid,1
MPWR,3.8,-0.22,AVOID,Avoid,1
UNH,3.8,-0.22,AVOID,Avoid,1
ARW,3.8,-0.22,AVOID,Avoid,2
MOH,3.8,-0.22,AVOID,Avoid,1
GXO,3.8,-0.22,AVOID,Avoid,2
KMX,3.8,-0.22,AVOID,Avoid,2
VNO,3.8,-0.22,AVOID,Avoid,2
TFSL,3.8,-0.22,AVOID,Avoid,1
INGM,3.8,-0.22,AVOID,Avoid,2
WCC,3.8,-0.22,AVOID,Avoid,1
WHR,3.8,-0.22,AVOID,Avoid,2
CVNA,3.7,-0.22,AVOID,Avoid,0
CRWD,3.7,-0.22,AVOID,Avoid,1
DINO,3.7,-0.22,AVOID,Avoid,1
QXO,3.7,-0.22,AVOID,Avoid,2
IPGP,3.7,-0.22,AVOID,Avoid,1
ADM,3.6,-0.23,AVOID,Avoid,1
CARR,3.6,-0.23,AVOID,Avoid,2
CBRE,3.6,-0.23,AVOID,Avoid,2
CIEN,3.6,-0.23,AVOID,Avoid,2
IRM,3.6,-0.23,AVOID,Avoid,2
Q,3.6,-0.23,AVOID,Avoid,2
VTR,3.6,-0.23,AVOID,Avoid,2
MTZ,3.6,-0.23,AVOID,Avoid,0
GME,3.6,-0.23,AVOID,Avoid,2
SATS,3.5,-0.24,AVOID,Avoid,2
MRVL,3.5,-0.24,AVOID,Avoid,2
CRCL,3.5,-0.24,AVOID,Avoid,0
LSCC,3.5,-0.24,AVOID,Avoid,2
DOW,3.4,-0.25,AVOID,Avoid,2
MCHP,3.4,-0.25,AVOID,Avoid,2
ENTG,3.4,-0.25,AVOID,Avoid,3
KRC,3.4,-0.25,AVOID,Avoid,2
EQIX,3.3,-0.25,AVOID,Avoid,2
GEV,3.3,-0.25,AVOID,Avoid,1
TSLA,3.3,-0.25,AVOID,Avoid,0
WELL,3.3,-0.25,AVOID,Avoid,2
GLIBK,3.3,-0.25,AVOID,Avoid,1
CUZ,3.3,-0.25,AVOID,Avoid,2
INTC,3.2,-0.26,AVOID,Avoid,1
SBUX,3.2,-0.26,AVOID,Avoid,2
FLEX,3.2,-0.26,AVOID,Avoid,2
INSM,3.2,-0.26,AVOID,Avoid,2
CPNG,3.2,-0.26,AVOID,Avoid,2
CGNX,3.2,-0.26,AVOID,Avoid,2
BROS,3.2,-0.26,AVOID,Avoid,1
HHH,3.2,-0.26,AVOID,Avoid,2
LFUS,3.1,-0.27,AVOID,Avoid,1
RYN,3.1,-0.27,AVOID,Avoid,2
CLF,3.1,-0.27,AVOID,Avoid,2
MSGS,3.1,-0.27,AVOID,Avoid,1
ONTO,3.1,-0.27,AVOID,Avoid,2
SAIA,3.1,-0.27,AVOID,Avoid,1
RKLB,3.0,-0.28,AVOID,Avoid,1
CAVA,3.0,-0.28,AVOID,Avoid,1
PK,3.0,-0.28,AVOID,Avoid,2
ALB,2.9,-0.28,AVOID,Avoid,2
ON,2.9,-0.28,AVOID,Avoid,2
GLW,2.8,-0.29,AVOID,Avoid,2
XPO,2.8,-0.29,AVOID,Avoid,0
COLD,2.7,-0.3,AVOID,Avoid,2
BA,2.6,-0.3,AVOID,Avoid,1
WY,2.6,-0.3,AVOID,Avoid,2
GFS,2.6,-0.3,AVOID,Avoid,2
MTSI,2.6,-0.3,AVOID,Avoid,2
OLN,2.6,-0.3,AVOID,Avoid,2
COHR,2.2,-0.33,AVOID,Avoid,2
LITE,2.1,-0.34,AVOID,Avoid,3
HUN,2.0,-0.35,AVOID,Avoid,2
